{"cameraMode":{"drawMode":0,"name":"Shaded","section":"Shading Mode"},"sceneLighting":true,"audioPlay":false,"sceneViewState":{"m_AlwaysRefresh":false,"showFog":true,"showSkybox":true,"showFlares":true,"showImageEffects":true,"showParticleSystems":true,"showVisualEffectGraphs":true,"m_FxEnabled":true},"in2DMode":false,"pivot":{"x":-92.56999969482422,"y":4.970208644866943,"z":-0.8532485961914063},"rotation":{"x":0.14047637581825257,"y":0.07121604681015015,"z":-0.01013671513646841,"w":0.9874792695045471},"size":19.89871597290039,"orthographic":true}